uuid,url
afd76f30-02c6-4e2f-8374-befd1363473e,http://localhost:5000
c58e02bc-70d0-4ed0-ac5d-b0dfae2311c6,http://localhost:5000
e61e67df-958a-414f-8533-49ee30ac6441,http://localhost:5000
3f7a4d16-3c03-4f66-aa52-f628352eb288,http://localhost:5000
6151fe75-0ec0-4cc6-9e91-925797fddedf,http://localhost:5000
b42c7b66-415f-4482-9c33-06af7ad86300,http://localhost:5000
03ad79b9-3276-48d7-a4a2-d2cd7bff0b04,http://localhost:5000
557e46a6-cea1-4b3b-9fae-6270e49e66ca,http://localhost:5000
09a62ae6-a1fd-4500-885c-2a0986afca1c,http://localhost:5000
d001b79e-2700-4293-a2b6-eb3fdf94ed53,http://localhost:5000
df2dcb10-283e-497b-9e28-2aefe71899f7,http://localhost:5000
4ad876bd-acd1-4981-8804-b70bbf441b0b,http://localhost:5000
2d0389b7-2488-4739-8eab-c1ca55563226,http://localhost:5000
931b620c-017b-42bc-b055-ee4f5957cacf,http://localhost:5000
f6f1af11-83fe-4b20-a292-2b3ed2d3bb9f,http://localhost:5000
ea77bfd1-96d1-44c2-9160-94704acf0b1d,http://localhost:5000
a215756e-5a10-4e26-8aea-e9b20dd7acf0,http://localhost:5000
ee440bb2-6c7b-48db-901c-cf2fbe7cea23,http://localhost:5000
6ca192fb-1e12-4bc0-97e9-b4d5488340eb,http://localhost:5000
6f3824d9-3095-4635-befa-4d53690cccd3,http://localhost:5000
d751e6de-b1e1-48ce-8704-22fc55b79c8a,http://localhost:5000
d22f9b17-185c-405e-8590-33f37d186066,http://localhost:5000
d9083d9a-6a54-4778-81f5-4ee540065fca,http://localhost:5000
f13cba87-ecc4-4708-bc0c-a763a82ccb9c,http://localhost:5000
39d105b8-73f0-4191-8468-aea6d9701a27,http://localhost:5000
1684caa5-8524-4790-b53b-88ac4d3b4cc2,http://localhost:5000
d61a8863-4212-43fd-8035-da300949e9b4,http://localhost:5000
556cd37c-0152-44c9-9e3d-c6b86d419caf,http://localhost:5000
1ea707e5-bd2d-4479-a6d4-619f4b936f30,http://localhost:5000
381cbce8-9221-4057-94a6-f3dd3bf9f036,http://localhost:5000
d325fdbd-ccdc-4f3d-b6c4-91a7550406b2,http://localhost:5000
9497844a-e6de-4e04-a811-3e858013a143,http://localhost:5000
89224698-638e-4b8c-bf3d-8cab4019feb6,http://localhost:5000
d0dbcae5-68da-4cdc-a81d-8cd68531ca2d,http://localhost:5000
6a568d9d-0842-42b4-a9b5-fe9952aa13f6,http://localhost:5000
20bcb206-7d3c-48ac-85e1-621245e8d70e,http://localhost:5000
10c32a5c-929b-4f97-9615-159a548d0b26,http://localhost:5000
e7b3bdf7-2520-4e6b-a4f5-fd8d266c4712,http://localhost:5000
a3847c80-6af7-4f6b-bbd9-9aa981d93306,http://localhost:5000
8ec03918-35fe-4d12-8c99-13f9c5fc7194,http://localhost:5000
4109cfc9-8ae5-46a2-b9dc-645db55c1a41,http://localhost:5000
ec500735-41eb-463b-ab9c-a703bf2ded99,http://localhost:5000
3757ea65-20bc-4347-85ec-9f16e996c8e6,http://localhost:5000
d61e0cb5-8849-4afb-99cc-c2c1a15deb89,http://localhost:5000
d504765a-0fef-417b-8cdb-ba7192cf2cf2,http://localhost:5000
8b0729a2-d6c4-4b29-85c0-4ee5c3b64944,http://localhost:5000
54a5c68a-e30e-41b0-8ddf-25720e7e5bcd,http://localhost:5000
66a14fa5-cd8f-47d8-9619-b771cb443015,http://localhost:5000
f20d7502-01bd-4f09-9d80-50758afdf322,http://localhost:5000
b7dfa242-0610-4d34-9f6f-41f03d9ab446,http://localhost:5000
5110ffed-72c6-4672-bbe1-9297bc04e5e1,http://localhost:5000
12039466-a9b2-4971-aa2f-66feecdf9125,http://localhost:5000
881e5d89-1cbf-4573-9899-6583a9df91be,http://localhost:5000
017536c8-d84f-4501-b139-dfc600f9ca32,http://localhost:5000
f62b951c-af2d-4665-bb79-2b032a1d29ae,http://localhost:5000
7b39b499-4c47-4eb4-a2c0-23905b634aec,http://localhost:5000
30efee67-2bcc-4d64-805c-a01d8dade92c,http://localhost:5000
ea22f058-4ca4-4e5a-9f63-d37af7710326,http://localhost:5000
9e0dcc32-bb13-4430-93f7-3784bdd4a0db,http://localhost:5000
739c5491-c9ce-436b-a984-6bc8941b2a27,http://localhost:5000
aeb87ca4-7c1c-40f6-aaac-30ab28691a07,http://localhost:5000
1415de3d-5397-42f8-a6cb-e02be9a40eec,http://localhost:5000
9daf31e1-f1b5-4f1a-acd3-d8fd7611b36a,http://localhost:5000
4264aea3-017d-4b3a-8ba1-d9cdd01e9828,http://localhost:5000
0ef3e8af-7251-49e2-a374-293ef8ebd82c,http://localhost:5000
c04457ea-056f-4206-977f-cd57fbfac8d0,http://localhost:5000
7bd3421f-761f-4b43-9976-aef155abbb31,http://localhost:5000
36b4ae53-f43c-45d0-94a6-3fccf4617a47,http://localhost:5000
8434848d-e2e0-420e-9258-da4513a724d2,http://localhost:5000
bd2cf24e-bc19-4403-8cbd-10937818fd2c,http://localhost:5000
87516b8e-0fd3-4a45-9ecc-278531e991a5,http://localhost:5000
b2f5b0e3-249b-457b-a48e-433c8baaa7da,http://localhost:5000
281c1b89-12fe-4e28-ad04-a2f4d78f4e01,http://localhost:5000
ea5c9afd-d52d-40ac-8ce6-a7283264bec8,http://localhost:5000
5a6a5031-b222-4afe-b29e-0d2759050a90,http://localhost:5000
439222ab-7585-4559-aa46-20fe031f05bc,http://localhost:5000
e9b16a83-6a11-49a5-a515-edff5695b88e,http://localhost:5000
88311e03-e9d8-4440-a4d3-4b07d21a6c36,http://localhost:5000
f7a6e3ff-0b3c-42de-830a-7e7245e95267,http://localhost:5000
8ac78bf4-180b-4c26-80e2-67dbb8c81208,http://localhost:5000
b09cbf53-d476-488e-82fe-a28569774304,http://localhost:5000
a72d8450-0216-4f60-9838-98a43b05cdea,http://localhost:5000
3b7b583e-eeb7-488f-8fe8-259ce4ab424d,http://localhost:5000
3e90ccd6-e9ca-4f7d-b21a-d52cf8193a85,http://localhost:5000
5cbf89be-ece5-495d-8f42-f5393b941202,http://localhost:5000
dcab96fc-38e8-47c4-80f4-5739910a2ef9,http://localhost:5000
51a741ab-ffc7-4075-934d-30dd6b8a3237,http://localhost:5000
574e7eed-bb8a-4ae9-97ad-056c8fdc1525,http://localhost:5000
9336966e-273a-4209-9f8a-3e8392bf9d53,http://localhost:5000
ac09bd5f-8d21-481b-80d8-0e49d1b13454,http://localhost:5000
ca7e3206-1f95-4380-b7e6-563d77c30175,http://localhost:5000
9e86a8e0-0766-48ce-a63c-17ad378715a0,http://localhost:5000
6a91d29c-83d7-46fc-b18a-d651678db255,http://localhost:5000
e4686b4e-d138-4eaf-bead-26763802789d,http://localhost:5000
f81a8d0a-f2c1-4418-b5d2-974600619449,http://localhost:5000
693556cd-257f-4447-b144-31e3f86fe7b9,http://localhost:5000
126538a2-312d-4271-989d-99a09584247a,http://localhost:5000
d9b2051b-b832-4498-b5d0-557199c9afdb,http://localhost:5000
96cac99d-84be-4fb1-91d7-5826cc8a8817,http://localhost:5000
f861c95d-784c-4b50-b8fd-99411fe2efee,http://localhost:5000
7061fdfd-5a34-4138-b4ee-d55c9fedc4f7,http://localhost:5000
25ebee04-5cde-49f1-95d7-de790650dded,http://localhost:5000
5b4ffeb0-15bd-493d-9886-d4e23b4afd02,http://localhost:5000
a9dd0dea-9be5-4282-b41a-ab3f0a346b41,http://localhost:5000
4a71d4a1-67b6-4574-9194-0779c5726a3d,http://localhost:5000
5a89f0d6-381d-4a76-836d-7a168360c36b,http://localhost:5000
c8cd5de0-0546-411a-b189-998507fb916b,http://localhost:5000
ddfc4705-11d5-4012-b817-8379b012c6b8,http://localhost:5000
a10efd92-e581-478d-9c57-408676228d38,http://localhost:5000
464ffda0-ffcd-4f26-bccf-e364bacc8d14,http://localhost:5000
40364793-e1bb-4284-bd54-9ee3a4ef2db2,http://localhost:5000
a62edf3b-572b-4f11-9de8-04b123f688fe,http://localhost:5000
c61a4ddf-f2ae-4410-a427-b564dcb2da4d,http://localhost:5000
6464dad9-dfbf-4798-86a5-9da810802d42,http://localhost:5000
1851272e-6642-4d30-b28c-28f878bc34da,http://localhost:5000
c6c109d4-022e-4ce6-8fe4-61258864647f,http://localhost:5000
d6841dbf-8ef8-4b41-a41b-a8cd004e1df5,http://localhost:5000
05ab0730-ea0f-433f-93ce-f05f837dbcc1,http://localhost:5000
4015952a-6c67-42fc-8eff-99a5763a77cc,http://localhost:5000
e2169974-24e5-4e04-9789-bbf4316d1c9c,http://localhost:5000
744447f6-e457-47c4-8389-2ccdd8397df6,http://localhost:5000
24391497-caea-4559-801e-5ed7cf35e2fb,http://localhost:5000
95038f4a-53ac-48db-9b15-734062014395,http://localhost:5000
faba05f5-b4a4-402b-b10d-8e75bf452675,http://localhost:5000
56495909-4818-4e9d-b326-eef5bcc5782a,http://localhost:5000
29455c6e-0be5-40b4-a061-0b2caf116453,http://localhost:5000
338ec2fb-afb2-40dc-8c1a-93972b4e0630,http://localhost:5000
2673dc46-070e-4bd4-9af3-96358d7ac0b6,http://localhost:5000
d33f926a-512a-43c7-bd54-b7fa43726bcc,http://localhost:5000
92b18c8a-4acb-47e3-8a70-1a46cecf7669,http://localhost:5000
3fcdf79b-201f-47f3-969a-9adfa5b4f9a7,http://localhost:5000
11a3852b-68fb-44c3-aee0-2b7fe5a138b6,http://localhost:5000
9f071523-2a4d-48d5-93ce-29fe6827b272,http://localhost:5000
0160de2b-b9cd-4710-9ea1-708cb48136c4,http://localhost:5000
ee70ea8e-1d52-4a7e-9287-a4b91768305c,http://localhost:5000
9e00fd9b-8c24-46a4-abac-22b63fbc27dd,http://localhost:5000
1ec3ace7-71a8-4eee-9e38-77a8b21ddda8,http://localhost:5000
eb972ac4-838c-4624-87fa-5e46319b2a4f,http://localhost:5000
c9f1b892-c774-4224-9a2f-3bdc4a16d3eb,http://localhost:5000
c9303f96-961f-43a8-87b4-257e21960c38,http://localhost:5000
8ffdeee1-c5d1-4cf1-9f51-6d2e5eb2d0b2,http://localhost:5000
5f121ab2-0b7d-4328-9478-1332bdefa6ed,http://localhost:5000
71b82926-3739-463b-ba2b-fcc519dcbd25,http://localhost:5000
9e0fb05e-ce5e-4895-82ae-a825ca7b0928,http://localhost:5000
16724522-1978-4231-b5a7-34744ff4121e,http://localhost:5000
b637c765-9cf7-4c10-9f37-f8b433f553ac,http://localhost:5000
149b7b03-f2ca-4879-b708-4c895e108b0f,http://localhost:5000
7198ec4c-870b-4496-9479-a5881d5eea7e,http://localhost:5000
00d26ead-546c-4838-ab7b-237ce34eec77,http://localhost:5000
7dbae211-fa29-4774-84a6-6f14b22c6e07,http://localhost:5000
1f8b17f2-3860-4715-ae46-27b61e223504,http://localhost:5000
57109ae0-7e17-4810-b036-37665a206f07,http://localhost:5000
0f2428ca-f801-4c85-8e97-8c3230267d70,http://localhost:5000
f9bedfc1-32f5-492c-9ef7-6e045e877799,http://localhost:5000
de7e1eae-0b60-41ac-b9e6-b29376db643c,http://localhost:5000
a5f724ce-beab-4d94-8080-d2bc63c22408,http://localhost:5000
e0a04747-f6d8-4c67-b160-d10e8d3c6859,http://localhost:5000
88ef5389-e6a9-4c6c-bd36-160cda9f06b5,http://localhost:5000
